{"cameraMode":{"drawMode":0,"name":"Shaded","section":"Shading Mode"},"sceneLighting":true,"audioPlay":false,"sceneViewState":{"showFog":false,"showMaterialUpdate":false,"showSkybox":false,"showFlares":false,"showImageEffects":false,"showParticleSystems":false},"in2DMode":false,"pivot":{"x":0.19000005722045899,"y":5.803253173828125,"z":12.90999984741211},"rotation":{"x":-0.09558634459972382,"y":0.3842894732952118,"z":-0.040073249489068988,"w":-0.9176239371299744},"size":10.738358497619629,"orthographic":false}