{"cameraMode":{"drawMode":0,"name":"Shaded","section":"Shading Mode"},"sceneLighting":false,"audioPlay":false,"sceneViewState":{"showFog":false,"showMaterialUpdate":false,"showSkybox":false,"showFlares":false,"showImageEffects":false,"showParticleSystems":false},"in2DMode":false,"pivot":{"x":-2.0345001220703127,"y":-2.0399999618530275,"z":-89.0999984741211},"rotation":{"x":-0.1755221039056778,"y":0.5821729898452759,"z":-0.12875360250473023,"w":-0.7841250896453857},"size":51.187950134277347,"orthographic":false}