{"cameraMode":{"drawMode":0,"name":"Shaded","section":"Shading Mode"},"sceneLighting":true,"audioPlay":false,"sceneViewState":{"showFog":false,"showMaterialUpdate":false,"showSkybox":false,"showFlares":false,"showImageEffects":false,"showParticleSystems":false},"in2DMode":false,"pivot":{"x":-145.71771240234376,"y":19.48526954650879,"z":755.9771118164063},"rotation":{"x":0.1460934430360794,"y":-0.3945772647857666,"z":0.058494389057159427,"w":0.9063463807106018},"size":26.99703598022461,"orthographic":false}